FLIGHT_YEAR,FLIGHT_MONTH,PRIMARY_DELAY_CAUSE,TOTAL_FLIGHTS,TOTAL_DELAY_MINS,AVG_DELAY_MINS,TOTAL_CARRIER_DELAY_MINS,TOTAL_WEATHER_DELAY_MINS,TOTAL_NAS_DELAY_MINS,TOTAL_LATE_AIRCRAFT_DELAY_MINS,TOTAL_SECURITY_DELAY_MINS
2016,1,Security,148,5161.0,34.87,178.0,0.0,466.0,295.0,4222.0
2016,1,NAS,20572,815996.0,39.67,39989.0,7963.0,730374.0,37215.0,455.0
2016,1,Carrier,22119,1467393.0,66.34,1330140.0,2103.0,66779.0,68222.0,149.0
2016,1,Late Aircraft,25757,1624675.0,63.08,111338.0,11793.0,82621.0,1418049.0,874.0
2016,1,Weather,2286,208904.0,91.38,1342.0,179203.0,18576.0,9783.0,0.0
2016,2,NAS,19635,955869.0,48.68,34120.0,10710.0,868548.0,42090.0,401.0
2016,2,Carrier,17924,1252734.0,69.89,1138429.0,2384.0,55503.0,56253.0,165.0
2016,2,Late Aircraft,22038,1573356.0,71.39,103214.0,18112.0,76090.0,1375531.0,409.0
2016,2,Weather,1979,209851.0,106.04,1325.0,179747.0,18380.0,10394.0,5.0
2016,2,Security,104,3678.0,35.37,12.0,0.0,297.0,230.0,3139.0
2016,3,Late Aircraft,31908,2000344.0,62.69,129766.0,15515.0,104568.0,1749160.0,1335.0
2016,3,Weather,2233,178947.0,80.14,1493.0,148424.0,18540.0,10466.0,24.0
2016,3,Carrier,21433,1459683.0,68.1,1319839.0,1671.0,68497.0,69424.0,252.0
2016,3,Security,181,7005.0,38.7,116.0,26.0,578.0,487.0,5798.0
2016,3,NAS,26814,1215591.0,45.33,42107.0,8143.0,1110532.0,54269.0,540.0
2016,4,NAS,19941,826499.0,41.45,35316.0,6439.0,741942.0,42393.0,409.0
2016,4,Security,130,4180.0,32.15,9.0,15.0,384.0,215.0,3557.0
2016,4,Weather,1598,139340.0,87.2,705.0,117337.0,12995.0,8290.0,13.0
2016,4,Late Aircraft,25875,1621709.0,62.67,109492.0,10281.0,82676.0,1418604.0,656.0
2016,4,Carrier,19063,1257009.0,65.94,1142448.0,894.0,55532.0,57937.0,198.0
2016,5,Weather,2561,234255.0,91.47,1611.0,195392.0,20937.0,16315.0,0.0
2016,5,Security,172,5454.0,31.71,77.0,0.0,513.0,314.0,4550.0
2016,5,Carrier,21350,1395492.0,65.36,1263944.0,1960.0,62483.0,66950.0,155.0
2016,5,NAS,22397,953136.0,42.56,42566.0,8139.0,854869.0,47188.0,374.0
2016,5,Late Aircraft,29018,1828377.0,63.01,121524.0,19383.0,86733.0,1600008.0,729.0
2016,6,Late Aircraft,41225,2836897.0,68.81,202636.0,31411.0,138457.0,2463129.0,1264.0
2016,6,Weather,3409,315372.0,92.51,2542.0,262929.0,28490.0,21370.0,41.0
2016,6,Carrier,28574,1990074.0,69.65,1783617.0,2116.0,93693.0,110441.0,207.0
2016,6,Security,176,10640.0,60.45,99.0,0.0,589.0,813.0,9139.0
2016,6,NAS,26977,1247257.0,46.23,59252.0,11179.0,1103724.0,72815.0,287.0
2016,7,Late Aircraft,46175,3490571.0,75.59,266164.0,41113.0,155563.0,3026634.0,1097.0
2016,7,Security,170,6361.0,37.42,51.0,15.0,550.0,443.0,5302.0
2016,7,Carrier,32236,2414113.0,74.89,2161831.0,3573.0,102833.0,145685.0,191.0
2016,7,Weather,4400,431255.0,98.01,3401.0,364182.0,34320.0,29352.0,0.0
2016,7,NAS,30620,1755427.0,57.33,66455.0,15706.0,1579622.0,93217.0,427.0
2016,8,Late Aircraft,40497,2924314.0,72.21,213386.0,26181.0,142075.0,2541249.0,1423.0
2016,8,NAS,30252,1519014.0,50.21,57861.0,10196.0,1373316.0,77190.0,451.0
2016,8,Security,203,14451.0,71.19,110.0,12.0,775.0,965.0,12589.0
2016,8,Weather,3396,284223.0,83.69,1836.0,239045.0,23677.0,19665.0,0.0
2016,8,Carrier,29073,2279738.0,78.41,2066081.0,2869.0,97526.0,113199.0,63.0
2016,9,Late Aircraft,22569,1404440.0,62.23,92054.0,10479.0,73873.0,1227769.0,265.0
2016,9,NAS,21123,909014.0,43.03,36387.0,5030.0,825759.0,41674.0,164.0
2016,9,Carrier,17911,1201827.0,67.1,1092980.0,1372.0,52272.0,55182.0,21.0
2016,9,Weather,1988,147867.0,74.38,795.0,128331.0,11953.0,6787.0,1.0
2016,9,Security,95,4191.0,44.12,58.0,11.0,220.0,208.0,3694.0
2016,10,NAS,21188,901695.0,42.56,29497.0,2068.0,831573.0,38335.0,222.0
2016,10,Late Aircraft,23264,1367643.0,58.79,93511.0,2860.0,64142.0,1206693.0,437.0
2016,10,Security,84,3060.0,36.43,67.0,0.0,152.0,130.0,2711.0
2016,10,Carrier,18069,1174212.0,64.98,1077168.0,539.0,46957.0,49501.0,47.0
2016,10,Weather,865,66908.0,77.35,350.0,59601.0,4786.0,2158.0,13.0
2016,11,Weather,1200,107943.0,89.95,691.0,94123.0,10140.0,2989.0,0.0
2016,11,NAS,19195,762234.0,39.71,28989.0,4689.0,695516.0,32789.0,251.0
2016,11,Security,114,5302.0,46.51,40.0,0.0,337.0,208.0,4717.0
2016,11,Carrier,16722,1107462.0,66.23,1012030.0,440.0,47539.0,47305.0,148.0
2016,11,Late Aircraft,21640,1287309.0,59.49,84479.0,5246.0,58956.0,1138348.0,280.0
2016,12,Weather,3149,338322.0,107.44,3054.0,285720.0,32667.0,16735.0,146.0
2016,12,Security,168,7307.0,43.49,144.0,48.0,775.0,632.0,5708.0
2016,12,NAS,29265,1288631.0,44.03,66053.0,15980.0,1137594.0,68518.0,486.0
2016,12,Late Aircraft,42083,2941570.0,69.9,232270.0,30212.0,152101.0,2525428.0,1559.0
2016,12,Carrier,28928,2059078.0,71.18,1826298.0,3173.0,108682.0,120760.0,165.0
2017,1,NAS,30866,1409671.0,45.67,62817.0,17104.0,1258948.0,70362.0,440.0
2017,1,Carrier,25628,1951170.0,76.13,1739170.0,2343.0,105094.0,104132.0,431.0
2017,1,Security,149,7085.0,47.55,140.0,0.0,510.0,538.0,5897.0
2017,1,Late Aircraft,37789,2591502.0,68.58,180077.0,21301.0,141427.0,2247695.0,1002.0
2017,1,Weather,3267,337021.0,103.16,1949.0,288386.0,32047.0,14618.0,21.0
2017,2,Carrier,16701,1193886.0,71.49,1089219.0,1524.0,52381.0,50645.0,117.0
2017,2,Weather,1924,168218.0,87.43,1147.0,145774.0,15950.0,5331.0,16.0
2017,2,NAS,21457,955528.0,44.53,31639.0,8188.0,876957.0,38469.0,275.0
2017,2,Late Aircraft,24120,1546733.0,64.13,94521.0,10128.0,78762.0,1362903.0,419.0
2017,2,Security,62,2450.0,39.52,35.0,33.0,228.0,225.0,1929.0
2017,3,Weather,1988,189397.0,95.27,1632.0,164884.0,14615.0,8253.0,13.0
2017,3,Security,115,4620.0,40.17,61.0,17.0,439.0,322.0,3781.0
2017,3,Late Aircraft,35344,2281042.0,64.54,147203.0,12460.0,122407.0,1998577.0,395.0
2017,3,Carrier,22941,1661835.0,72.44,1500562.0,1525.0,75514.0,84014.0,220.0
2017,3,NAS,28250,1290436.0,45.68,46889.0,6752.0,1173627.0,62881.0,287.0
2017,4,Late Aircraft,36850,2727346.0,74.01,172978.0,31053.0,140618.0,2381899.0,798.0
2017,4,Weather,2940,362196.0,123.2,2318.0,322486.0,20735.0,16657.0,0.0
2017,4,NAS,28651,1542383.0,53.83,47887.0,9829.0,1398747.0,85559.0,361.0
2017,4,Security,82,3706.0,45.2,22.0,12.0,311.0,150.0,3211.0
2017,4,Carrier,23620,1956383.0,82.83,1777972.0,2247.0,80181.0,95857.0,126.0
2017,5,NAS,32419,1698218.0,52.38,52526.0,6215.0,1547599.0,91627.0,251.0
2017,5,Late Aircraft,38307,2534214.0,66.16,177809.0,12591.0,138032.0,2204647.0,1135.0
2017,5,Security,98,4338.0,44.27,112.0,0.0,389.0,470.0,3367.0
2017,5,Carrier,24004,1740596.0,72.51,1571180.0,1334.0,75316.0,92632.0,134.0
2017,5,Weather,1852,163148.0,88.09,649.0,138585.0,12756.0,11158.0,0.0
2017,6,Security,170,9058.0,53.28,76.0,17.0,758.0,581.0,7626.0
2017,6,Weather,3481,324504.0,93.22,1667.0,272479.0,26234.0,24124.0,0.0
2017,6,Late Aircraft,46502,3262050.0,70.15,219893.0,34496.0,165741.0,2840639.0,1281.0
2017,6,NAS,32437,1749004.0,53.92,64232.0,10395.0,1570458.0,103309.0,610.0
2017,6,Carrier,28129,2100920.0,74.69,1877159.0,2335.0,96044.0,125334.0,48.0
2017,7,Carrier,28605,2135585.0,74.66,1918929.0,1884.0,88662.0,126005.0,105.0
2017,7,Security,170,9452.0,55.6,137.0,0.0,727.0,531.0,8057.0
2017,7,Weather,4273,364675.0,85.34,2954.0,311167.0,25990.0,24564.0,0.0
2017,7,NAS,31194,1711673.0,54.87,60478.0,12294.0,1541987.0,96501.0,413.0
2017,7,Late Aircraft,45839,3232643.0,70.52,221165.0,32569.0,158841.0,2818894.0,1174.0
2017,8,NAS,30291,1468376.0,48.48,54722.0,10482.0,1318445.0,84292.0,435.0
2017,8,Weather,3199,277276.0,86.68,1142.0,234954.0,22527.0,18653.0,0.0
2017,8,Security,195,9077.0,46.55,160.0,65.0,914.0,400.0,7538.0
2017,8,Carrier,27122,1921312.0,70.84,1723544.0,1455.0,86582.0,109640.0,91.0
2017,8,Late Aircraft,43901,2871268.0,65.4,196681.0,22256.0,154700.0,2496521.0,1110.0
2017,9,Security,95,3966.0,41.75,59.0,0.0,346.0,163.0,3398.0
2017,9,NAS,18584,837782.0,45.08,28078.0,4019.0,767814.0,37605.0,266.0
2017,9,Carrier,17372,1179484.0,67.9,1083858.0,832.0,48031.0,46621.0,142.0
2017,9,Late Aircraft,21356,1343655.0,62.92,84251.0,6105.0,64488.0,1188401.0,410.0
2017,9,Weather,1507,145243.0,96.38,728.0,128720.0,9987.0,5808.0,0.0
2017,10,Security,169,8682.0,51.37,118.0,0.0,486.0,265.0,7813.0
2017,10,Weather,1140,102680.0,90.07,548.0,91248.0,6388.0,4490.0,6.0
2017,10,Carrier,19779,1397088.0,70.63,1285142.0,663.0,54837.0,56373.0,73.0
2017,10,Late Aircraft,26124,1655021.0,63.35,97653.0,6677.0,74081.0,1476001.0,609.0
2017,10,NAS,21815,1046896.0,47.99,31706.0,2637.0,970066.0,42089.0,398.0
2017,11,NAS,15761,633827.0,40.21,23322.0,2606.0,583062.0,24526.0,311.0
2017,11,Weather,709,77374.0,109.13,322.0,69979.0,4690.0,2383.0,0.0
2017,11,Carrier,15902,1062868.0,66.84,982444.0,222.0,37551.0,42588.0,63.0
2017,11,Security,169,15318.0,90.64,153.0,0.0,316.0,655.0,14194.0
2017,11,Late Aircraft,18757,1157589.0,61.72,73301.0,3482.0,49820.0,1029542.0,1444.0
2017,12,Carrier,24302,1743829.0,71.76,1563279.0,2294.0,84503.0,93625.0,128.0
2017,12,NAS,24817,1107798.0,44.64,53029.0,17371.0,980972.0,55623.0,803.0
2017,12,Security,238,11185.0,47.0,104.0,0.0,941.0,324.0,9816.0
2017,12,Late Aircraft,33372,2175185.0,65.18,162356.0,17621.0,107698.0,1886328.0,1182.0
2017,12,Weather,2573,341023.0,132.54,2798.0,293664.0,32510.0,12051.0,0.0
2018,1,Late Aircraft,37383,2651961.0,70.94,166188.0,31924.0,134290.0,2318475.0,1084.0
2018,1,NAS,28700,1267095.0,44.15,47165.0,20013.0,1131762.0,67685.0,470.0
2018,1,Security,195,9271.0,47.54,67.0,0.0,603.0,358.0,8243.0
2018,1,Carrier,27439,2075853.0,75.65,1882852.0,3310.0,88944.0,100634.0,113.0
2018,1,Weather,4043,472713.0,116.92,3145.0,408300.0,40965.0,20275.0,28.0
2018,2,Carrier,25166,1810367.0,71.94,1629896.0,2540.0,87644.0,90054.0,233.0
2018,2,NAS,31521,1388486.0,44.05,55340.0,19214.0,1239487.0,74144.0,301.0
2018,2,Security,165,7208.0,43.68,73.0,0.0,486.0,313.0,6336.0
2018,2,Weather,3262,374538.0,114.82,2673.0,322441.0,32070.0,17334.0,20.0
2018,2,Late Aircraft,37188,2513490.0,67.59,153427.0,22873.0,123538.0,2212956.0,696.0
2018,3,Weather,2154,241089.0,111.93,1631.0,211786.0,18685.0,8987.0,0.0
2018,3,Security,233,10313.0,44.26,104.0,0.0,691.0,456.0,9062.0
2018,3,NAS,28931,1164203.0,40.24,47925.0,9094.0,1053028.0,53575.0,581.0
2018,3,Late Aircraft,38291,2345433.0,61.25,166570.0,10873.0,110062.0,2057123.0,805.0
2018,3,Carrier,29143,1930287.0,66.24,1749147.0,1630.0,84254.0,94950.0,306.0
2018,4,NAS,33166,1512390.0,45.6,53735.0,11065.0,1365085.0,82156.0,349.0
2018,4,Carrier,27865,1923624.0,69.03,1730380.0,1671.0,91116.0,100307.0,150.0
2018,4,Late Aircraft,40102,2716563.0,67.74,184358.0,18057.0,147761.0,2365505.0,882.0
2018,4,Security,155,5965.0,38.48,24.0,0.0,386.0,220.0,5335.0
2018,4,Weather,2518,288292.0,114.49,2201.0,245295.0,24063.0,16733.0,0.0
2018,5,Late Aircraft,46609,3295290.0,70.7,214707.0,34838.0,167187.0,2877702.0,856.0
2018,5,Security,204,10616.0,52.04,71.0,0.0,534.0,503.0,9508.0
2018,5,Weather,4486,475484.0,105.99,2230.0,411697.0,34606.0,26947.0,4.0
2018,5,Carrier,31242,2186614.0,69.99,1971045.0,2385.0,97863.0,115260.0,61.0
2018,5,NAS,35854,1864150.0,51.99,60286.0,15004.0,1688448.0,100096.0,316.0
2018,6,Carrier,35865,2637033.0,73.53,2369734.0,4914.0,116493.0,145606.0,286.0
2018,6,Security,185,8237.0,44.52,98.0,0.0,684.0,477.0,6978.0
2018,6,Weather,5900,557034.0,94.41,3529.0,477681.0,37945.0,37879.0,0.0
2018,6,NAS,38380,1978565.0,51.55,71711.0,16761.0,1768920.0,120562.0,611.0
2018,6,Late Aircraft,53775,4024916.0,74.85,258733.0,57098.0,211364.0,3496442.0,1279.0
2018,7,Weather,6557,637855.0,97.28,4805.0,542518.0,45180.0,45352.0,0.0
2018,7,Late Aircraft,57550,4330973.0,75.26,274119.0,60635.0,222153.0,3772653.0,1413.0
2018,7,Carrier,37378,2645941.0,70.79,2370252.0,4051.0,120335.0,150991.0,312.0
2018,7,NAS,40904,2231233.0,54.55,77767.0,17095.0,2008385.0,127460.0,526.0
2018,7,Security,263,11051.0,42.02,85.0,3.0,674.0,800.0,9489.0
2018,8,NAS,44289,2560017.0,57.8,78167.0,20717.0,2309040.0,151324.0,769.0
2018,8,Carrier,36037,2732473.0,75.82,2452928.0,4159.0,127488.0,147671.0,227.0
2018,8,Security,228,11110.0,48.73,219.0,0.0,727.0,782.0,9382.0
2018,8,Late Aircraft,55310,4245561.0,76.76,251922.0,54540.0,242631.0,3695284.0,1184.0
2018,8,Weather,6439,605584.0,94.05,3823.0,514390.0,46644.0,40650.0,77.0
2018,9,Security,210,19308.0,91.94,98.0,0.0,484.0,859.0,17867.0
2018,9,Carrier,25026,1787022.0,71.41,1631652.0,2010.0,77562.0,75732.0,66.0
2018,9,NAS,32408,1589119.0,49.03,44977.0,15304.0,1450947.0,77613.0,278.0
2018,9,Late Aircraft,33358,2365311.0,70.91,125400.0,26492.0,118117.0,2093784.0,1518.0
2018,9,Weather,3962,384986.0,97.17,1348.0,332113.0,27103.0,24422.0,0.0
2018,10,Carrier,26998,1888522.0,69.95,1713525.0,891.0,88882.0,85116.0,108.0
2018,10,Weather,2548,276925.0,108.68,624.0,242445.0,18115.0,15732.0,9.0
2018,10,NAS,34509,1407381.0,40.78,52888.0,10831.0,1270473.0,72802.0,387.0
2018,10,Late Aircraft,37481,2482233.0,66.23,141515.0,20178.0,139135.0,2180704.0,701.0
2018,10,Security,123,6546.0,53.22,162.0,0.0,254.0,253.0,5877.0
2018,11,Carrier,29084,2067727.0,71.1,1862575.0,1998.0,101308.0,101766.0,80.0
2018,11,NAS,37079,1636734.0,44.14,58606.0,15568.0,1475250.0,86866.0,444.0
2018,11,Weather,2916,365952.0,125.5,2432.0,317630.0,29213.0,16664.0,13.0
2018,11,Late Aircraft,42520,2881249.0,67.76,179470.0,25472.0,172348.0,2503016.0,943.0
2018,11,Security,186,8755.0,47.07,74.0,0.0,524.0,262.0,7895.0
2018,12,NAS,33565,1372388.0,40.89,55823.0,10942.0,1232269.0,72668.0,686.0
2018,12,Carrier,30401,2100258.0,69.09,1882845.0,1454.0,98057.0,117737.0,165.0
2018,12,Security,276,11471.0,41.56,298.0,0.0,921.0,839.0,9413.0
2018,12,Late Aircraft,41569,2761877.0,66.44,192300.0,24997.0,144905.0,2397950.0,1725.0
2018,12,Weather,2871,325432.0,113.35,1378.0,287907.0,18962.0,17185.0,0.0
2019,1,Late Aircraft,37933,2757916.0,72.7,155196.0,30912.0,167302.0,2403691.0,815.0
2019,1,NAS,35994,1818879.0,50.53,54223.0,18650.0,1647455.0,98054.0,497.0
2019,1,Weather,4040,467440.0,115.7,2773.0,412149.0,32944.0,19574.0,0.0
2019,1,Security,178,7770.0,43.65,135.0,0.0,463.0,365.0,6807.0
2019,1,Carrier,27077,2110785.0,77.95,1903275.0,4270.0,99326.0,103667.0,247.0
2019,2,Weather,4307,574061.0,133.29,3639.0,496874.0,49153.0,24334.0,61.0
2019,2,Carrier,30731,2434953.0,79.23,2191622.0,3674.0,117578.0,121944.0,135.0
2019,2,NAS,38576,1848705.0,47.92,66541.0,26761.0,1650669.0,104399.0,335.0
2019,2,Security,217,17761.0,81.85,49.0,0.0,736.0,776.0,16200.0
2019,2,Late Aircraft,45646,3376279.0,73.97,190120.0,35518.0,204556.0,2944727.0,1358.0
2019,3,Late Aircraft,42094,2956512.0,70.24,188483.0,17458.0,131792.0,2617840.0,939.0
2019,3,Security,220,9722.0,44.19,138.0,4.0,635.0,413.0,8532.0
2019,3,Carrier,31869,2366207.0,74.25,2160372.0,866.0,93743.0,110863.0,363.0
2019,3,NAS,29629,1276368.0,43.08,49491.0,9915.0,1151285.0,65311.0,366.0
2019,3,Weather,2465,289590.0,117.48,1158.0,254466.0,19988.0,13970.0,8.0
2019,4,Carrier,30974,2364787.0,76.35,2156538.0,1899.0,92123.0,114125.0,102.0
2019,4,Late Aircraft,43166,3244404.0,75.16,193323.0,35265.0,154883.0,2859859.0,1074.0
2019,4,Security,186,8673.0,46.63,109.0,0.0,495.0,502.0,7567.0
2019,4,NAS,30720,1631156.0,53.1,50957.0,13918.0,1478492.0,87137.0,652.0
2019,4,Weather,3472,428021.0,123.28,1876.0,375099.0,27598.0,23448.0,0.0
2019,5,Late Aircraft,50346,3784551.0,75.17,224648.0,49425.0,187540.0,3321980.0,958.0
2019,5,Weather,4829,598838.0,124.01,2618.0,518314.0,40622.0,37223.0,61.0
2019,5,Security,167,6682.0,40.01,58.0,12.0,479.0,421.0,5712.0
2019,5,Carrier,33634,2472037.0,73.5,2229908.0,2434.0,109776.0,129651.0,268.0
2019,5,NAS,37307,2014185.0,53.99,65802.0,15178.0,1827075.0,105628.0,502.0
2019,6,Security,342,23856.0,69.75,219.0,13.0,963.0,1101.0,21560.0
2019,6,Weather,6421,649641.0,101.17,4318.0,548289.0,51916.0,45094.0,24.0
2019,6,NAS,44555,2488735.0,55.86,87963.0,23732.0,2216973.0,159339.0,728.0
2019,6,Carrier,39369,3067739.0,77.92,2748543.0,4269.0,137270.0,177251.0,406.0
2019,6,Late Aircraft,62671,4873913.0,77.77,311692.0,53443.0,267631.0,4239174.0,1973.0
2019,7,Weather,6527,722110.0,110.63,5441.0,628484.0,39601.0,48494.0,90.0
2019,7,Late Aircraft,54328,4317243.0,79.47,271139.0,53150.0,200029.0,3791718.0,1207.0
2019,7,Security,237,10087.0,42.56,163.0,0.0,572.0,660.0,8692.0
2019,7,Carrier,37163,3003683.0,80.82,2724129.0,4226.0,115286.0,159792.0,250.0
2019,7,NAS,37375,2286065.0,61.17,71862.0,16376.0,2070244.0,127087.0,496.0
2019,8,Late Aircraft,52947,3982618.0,75.22,240440.0,37941.0,206825.0,3495892.0,1520.0
2019,8,Weather,5194,529703.0,101.98,2106.0,459394.0,36896.0,31307.0,0.0
2019,8,Carrier,34725,2779725.0,80.05,2522686.0,3305.0,113416.0,140103.0,215.0
2019,8,Security,230,9756.0,42.42,120.0,17.0,506.0,369.0,8744.0
2019,8,NAS,40182,2271977.0,56.54,69235.0,15890.0,2057576.0,128488.0,788.0
2019,9,Carrier,23261,1741172.0,74.85,1606009.0,1139.0,63263.0,70655.0,106.0
2019,9,Late Aircraft,29889,2106876.0,70.49,111462.0,13957.0,105714.0,1874907.0,836.0
2019,9,Security,135,5180.0,38.37,29.0,0.0,482.0,263.0,4406.0
2019,9,NAS,28049,1443578.0,51.47,38233.0,6647.0,1337387.0,61057.0,254.0
2019,9,Weather,2234,247353.0,110.72,1033.0,221973.0,14798.0,9549.0,0.0
2019,10,Weather,2318,257458.0,111.07,1191.0,225353.0,17487.0,13427.0,0.0
2019,10,Carrier,27717,2054548.0,74.13,1874992.0,1534.0,87379.0,90363.0,280.0
2019,10,NAS,34519,1554832.0,45.04,51546.0,8940.0,1409716.0,84381.0,249.0
2019,10,Security,176,7344.0,41.73,178.0,0.0,618.0,324.0,6224.0
2019,10,Late Aircraft,40316,2669554.0,66.22,153063.0,16582.0,140189.0,2358990.0,730.0
2019,11,NAS,26112,1050694.0,40.24,41282.0,7801.0,949696.0,51712.0,203.0
2019,11,Security,211,8866.0,42.02,182.0,9.0,342.0,518.0,7815.0
2019,11,Late Aircraft,32396,2189572.0,67.59,131762.0,13129.0,104829.0,1938892.0,960.0
2019,11,Carrier,25320,1858199.0,73.39,1703416.0,858.0,74809.0,79028.0,88.0
2019,11,Weather,1612,226942.0,140.78,660.0,203645.0,13585.0,9052.0,0.0
2019,12,Carrier,35141,2621934.0,74.61,2358794.0,2625.0,114793.0,145611.0,111.0
2019,12,NAS,36835,1772144.0,48.11,71402.0,13409.0,1583120.0,103377.0,836.0
2019,12,Late Aircraft,51611,3788138.0,73.4,251950.0,28221.0,197651.0,3308818.0,1498.0
2019,12,Weather,3102,392207.0,126.44,2602.0,345089.0,25840.0,18676.0,0.0
2019,12,Security,256,9997.0,39.05,66.0,0.0,744.0,551.0,8636.0
2020,1,Weather,3264,383206.0,117.4,1676.0,351868.0,22592.0,7064.0,6.0
2020,1,NAS,25994,1089436.0,41.91,40657.0,11779.0,999300.0,37329.0,371.0
2020,1,Carrier,26906,2025583.0,75.28,1885713.0,1599.0,74921.0,63268.0,82.0
2020,1,Late Aircraft,25947,1777728.0,68.51,103997.0,12849.0,76284.0,1583944.0,654.0
2020,1,Security,174,7297.0,41.94,94.0,0.0,512.0,311.0,6380.0
2020,2,NAS,27781,1271466.0,45.77,42815.0,11803.0,1161317.0,55133.0,398.0
2020,2,Weather,3072,339296.0,110.45,1090.0,307425.0,21453.0,9328.0,0.0
2020,2,Security,146,7314.0,50.1,118.0,0.0,485.0,211.0,6500.0
2020,2,Late Aircraft,28496,2175249.0,76.34,114011.0,18706.0,115652.0,1926288.0,592.0
2020,2,Carrier,25121,2025729.0,80.64,1875483.0,1280.0,79865.0,68942.0,159.0
2020,3,Carrier,17000,1294589.0,76.15,1213446.0,731.0,46157.0,34153.0,102.0
2020,3,NAS,18684,721853.0,38.63,21873.0,3281.0,673150.0,23186.0,363.0
2020,3,Weather,1120,107929.0,96.37,511.0,95131.0,7691.0,4596.0,0.0
2020,3,Late Aircraft,16823,1120781.0,66.62,50499.0,4410.0,48146.0,1017338.0,388.0
2020,3,Security,93,3099.0,33.32,25.0,11.0,228.0,154.0,2681.0
2020,4,Carrier,4586,355670.0,77.56,344006.0,56.0,8533.0,3075.0,0.0
2020,4,NAS,2737,85272.0,31.16,3005.0,354.0,80988.0,917.0,8.0
2020,4,Late Aircraft,1377,89771.0,65.19,3137.0,244.0,2177.0,84152.0,61.0
2020,4,Security,29,1218.0,42.0,20.0,0.0,41.0,16.0,1141.0
2020,4,Weather,309,26146.0,84.61,61.0,24155.0,1568.0,362.0,0.0
2020,5,Security,42,2153.0,51.26,0.0,0.0,76.0,18.0,2059.0
2020,5,NAS,2117,85910.0,40.58,2382.0,569.0,81657.0,1280.0,22.0
2020,5,Late Aircraft,1459,110492.0,75.73,4621.0,908.0,2872.0,101968.0,123.0
2020,5,Carrier,3746,254152.0,67.85,244495.0,195.0,6531.0,2894.0,37.0
2020,5,Weather,430,29994.0,69.75,32.0,27975.0,1370.0,617.0,0.0
2020,6,NAS,3931,132922.0,33.81,4659.0,1941.0,123364.0,2879.0,79.0
2020,6,Carrier,6668,410538.0,61.57,391875.0,471.0,10757.0,7368.0,67.0
2020,6,Security,69,2125.0,30.8,12.0,0.0,132.0,3.0,1978.0
2020,6,Late Aircraft,3071,203583.0,66.29,10968.0,1514.0,6768.0,184183.0,150.0
2020,6,Weather,1210,94632.0,78.21,358.0,87510.0,5285.0,1461.0,18.0
2020,7,Carrier,11980,846191.0,70.63,808950.0,1549.0,21829.0,13815.0,48.0
2020,7,Late Aircraft,6483,511252.0,78.86,21339.0,5997.0,17401.0,466274.0,241.0
2020,7,NAS,8799,339094.0,38.54,11412.0,3968.0,315543.0,7905.0,266.0
2020,7,Security,165,7488.0,45.38,12.0,0.0,390.0,33.0,7053.0
2020,7,Weather,2486,185702.0,74.7,871.0,169964.0,9033.0,5834.0,0.0
2020,8,Security,144,5100.0,35.42,14.0,9.0,436.0,77.0,4564.0
2020,8,NAS,8958,331842.0,37.04,10196.0,4246.0,310016.0,7211.0,173.0
2020,8,Carrier,11332,754478.0,66.58,719682.0,1453.0,21347.0,11774.0,222.0
2020,8,Late Aircraft,5911,413816.0,70.01,19059.0,4084.0,15277.0,375180.0,216.0
2020,8,Weather,2622,199063.0,75.92,775.0,180550.0,12644.0,5058.0,36.0
2020,9,Carrier,9122,591010.0,64.79,567206.0,1270.0,14597.0,7826.0,111.0
2020,9,NAS,5744,203772.0,35.48,7258.0,2231.0,188559.0,5546.0,178.0
2020,9,Late Aircraft,3968,270349.0,68.13,11244.0,2726.0,9773.0,246342.0,264.0
2020,9,Security,162,6227.0,38.44,106.0,10.0,336.0,56.0,5719.0
2020,9,Weather,1199,114028.0,95.1,158.0,106327.0,4451.0,3074.0,18.0
2020,10,Late Aircraft,6344,483780.0,76.26,21045.0,4201.0,17875.0,440440.0,219.0
2020,10,Security,178,6473.0,36.37,40.0,0.0,314.0,144.0,5975.0
2020,10,Carrier,11839,819693.0,69.24,781627.0,414.0,22646.0,14742.0,264.0
2020,10,NAS,9704,323525.0,33.34,12456.0,3832.0,298423.0,8612.0,202.0
2020,10,Weather,1442,145584.0,100.96,403.0,137371.0,6061.0,1749.0,0.0
2020,11,NAS,9165,281687.0,30.74,11967.0,3490.0,260292.0,5764.0,174.0
2020,11,Late Aircraft,5543,402260.0,72.57,17025.0,1178.0,12472.0,371259.0,326.0
2020,11,Security,148,5866.0,39.64,109.0,0.0,455.0,85.0,5217.0
2020,11,Weather,1020,93314.0,91.48,194.0,88127.0,3741.0,1242.0,10.0
2020,11,Carrier,11528,772013.0,66.97,733298.0,183.0,23988.0,14350.0,194.0
2020,12,Weather,1658,208321.0,125.65,830.0,195140.0,9838.0,2508.0,5.0
2020,12,Carrier,17331,1151625.0,66.45,1083607.0,374.0,41932.0,25573.0,139.0
2020,12,NAS,14965,546660.0,36.53,21324.0,5184.0,503309.0,16418.0,425.0
2020,12,Late Aircraft,9405,647598.0,68.86,36316.0,3646.0,28237.0,578847.0,552.0
2020,12,Security,173,6497.0,37.55,52.0,0.0,380.0,212.0,5853.0
2021,1,Security,165,7653.0,46.38,29.0,0.0,492.0,149.0,6983.0
2021,1,Weather,1696,231662.0,136.59,591.0,219585.0,7004.0,4468.0,14.0
2021,1,Carrier,13189,947639.0,71.85,899853.0,1025.0,28711.0,17838.0,212.0
2021,1,NAS,12619,553183.0,43.84,14035.0,3116.0,522717.0,13068.0,247.0
2021,1,Late Aircraft,7292,544890.0,74.72,25173.0,4610.0,21113.0,493743.0,251.0
2021,2,Weather,3777,505073.0,133.72,1606.0,466654.0,29349.0,7429.0,35.0
2021,2,Security,171,6349.0,37.13,76.0,0.0,331.0,265.0,5677.0
2021,2,Carrier,16027,1145748.0,71.49,1074813.0,2177.0,45898.0,22806.0,54.0
2021,2,Late Aircraft,9407,709457.0,75.42,41116.0,12823.0,34666.0,620497.0,355.0
2021,2,NAS,16211,613780.0,37.86,26174.0,15487.0,555352.0,16487.0,280.0
2021,3,Security,282,10507.0,37.26,190.0,0.0,483.0,332.0,9502.0
2021,3,Carrier,18252,1240368.0,67.96,1173520.0,1258.0,35005.0,30270.0,315.0
2021,3,Late Aircraft,11823,795221.0,67.26,49264.0,7320.0,30462.0,707288.0,887.0
2021,3,Weather,1611,159816.0,99.2,597.0,147859.0,7854.0,3506.0,0.0
2021,3,NAS,12674,484131.0,38.2,18864.0,3720.0,443919.0,17061.0,567.0
2021,4,NAS,13681,579399.0,42.35,24962.0,4753.0,528670.0,20338.0,676.0
2021,4,Late Aircraft,12993,944271.0,72.68,60043.0,10374.0,36384.0,836370.0,1100.0
2021,4,Carrier,18687,1272378.0,68.09,1194410.0,735.0,39055.0,37467.0,711.0
2021,4,Security,422,33408.0,79.17,141.0,238.0,2004.0,531.0,30494.0
2021,4,Weather,1899,212693.0,112.0,1452.0,192335.0,10440.0,8466.0,0.0
2021,5,Late Aircraft,20067,1489416.0,74.22,98923.0,24824.0,50803.0,1313438.0,1428.0
2021,5,Security,381,13940.0,36.59,313.0,55.0,802.0,462.0,12308.0
2021,5,NAS,16331,748887.0,45.86,30208.0,7618.0,678014.0,32245.0,802.0
2021,5,Carrier,25460,1698567.0,66.72,1583923.0,1685.0,50935.0,61684.0,340.0
2021,5,Weather,3367,360312.0,107.01,1836.0,320888.0,18757.0,18787.0,44.0
2021,6,Late Aircraft,47525,3683865.0,77.51,301776.0,47692.0,139306.0,3191036.0,4055.0
2021,6,Security,553,25693.0,46.46,533.0,42.0,1748.0,1739.0,21631.0
2021,6,Weather,6883,653454.0,94.94,2829.0,578361.0,37159.0,34998.0,107.0
2021,6,Carrier,45658,3192348.0,69.92,2895962.0,4494.0,110437.0,180725.0,730.0
2021,6,NAS,26946,1354473.0,50.27,67182.0,14431.0,1198475.0,73265.0,1120.0
2021,7,Carrier,51616,3750341.0,72.66,3418273.0,4246.0,129405.0,197696.0,721.0
2021,7,Late Aircraft,54478,4317887.0,79.26,334315.0,51077.0,172021.0,3756143.0,4331.0
2021,7,NAS,29225,1430949.0,48.96,82530.0,15870.0,1241061.0,90240.0,1248.0
2021,7,Security,584,28490.0,48.78,530.0,28.0,1429.0,1844.0,24659.0
2021,7,Weather,7220,696375.0,96.45,3781.0,619396.0,34732.0,38422.0,44.0
2021,8,Weather,6784,685633.0,101.07,3180.0,611787.0,35033.0,35531.0,102.0
2021,8,NAS,26774,1306389.0,48.79,63160.0,13936.0,1160191.0,68533.0,569.0
2021,8,Late Aircraft,45706,3407610.0,74.55,243211.0,41096.0,129905.0,2990696.0,2702.0
2021,8,Carrier,47675,3346669.0,70.2,3077205.0,5638.0,111488.0,151619.0,719.0
2021,8,Security,448,19707.0,43.99,275.0,22.0,1203.0,1477.0,16730.0
2021,9,Security,326,13511.0,41.44,120.0,0.0,760.0,774.0,11857.0
2021,9,Weather,2712,242423.0,89.39,1531.0,222337.0,11475.0,7080.0,0.0
2021,9,NAS,17149,729196.0,42.52,31873.0,4536.0,664442.0,27623.0,722.0
2021,9,Late Aircraft,23678,1636969.0,69.13,103454.0,8173.0,54953.0,1468861.0,1528.0
2021,9,Carrier,29498,2006400.0,68.02,1874932.0,2506.0,61356.0,67169.0,437.0
2021,10,Security,347,14496.0,41.78,144.0,0.0,770.0,784.0,12798.0
2021,10,Carrier,40238,2726988.0,67.77,2526761.0,951.0,82926.0,115982.0,368.0
2021,10,Weather,2899,266569.0,91.95,791.0,244500.0,11903.0,9269.0,106.0
2021,10,Late Aircraft,36127,2454628.0,67.94,194171.0,11224.0,85674.0,2161761.0,1798.0
2021,10,NAS,19975,851335.0,42.62,43819.0,5830.0,756226.0,44720.0,740.0
2021,11,NAS,17280,557380.0,32.26,37331.0,1992.0,491999.0,25180.0,878.0
2021,11,Security,452,21566.0,47.71,370.0,0.0,1070.0,717.0,19409.0
2021,11,Weather,1571,144215.0,91.8,558.0,137138.0,4558.0,1959.0,2.0
2021,11,Late Aircraft,28207,1825973.0,64.73,139639.0,4296.0,60054.0,1619917.0,2067.0
2021,11,Carrier,34163,2228056.0,65.22,2074297.0,428.0,70537.0,82371.0,423.0
2021,12,Weather,4241,485799.0,114.55,2372.0,454458.0,20769.0,8191.0,9.0
2021,12,Late Aircraft,41756,2932196.0,70.22,266514.0,12554.0,121365.0,2529349.0,2414.0
2021,12,Security,463,19029.0,41.1,231.0,24.0,1558.0,1067.0,16149.0
2021,12,Carrier,48243,3298172.0,68.37,3007963.0,3107.0,128870.0,157724.0,508.0
2021,12,NAS,24447,949759.0,38.85,73548.0,8694.0,816017.0,50463.0,1037.0
2022,1,Carrier,41003,3017176.0,73.58,2775697.0,2721.0,110979.0,127408.0,371.0
2022,1,Late Aircraft,31033,2357009.0,75.95,202347.0,13807.0,102465.0,2036634.0,1756.0
2022,1,NAS,20935,856993.0,40.94,56690.0,13893.0,741680.0,43855.0,875.0
2022,1,Weather,3821,403677.0,105.65,2303.0,367250.0,24864.0,9227.0,33.0
2022,1,Security,260,11324.0,43.55,306.0,5.0,702.0,1048.0,9263.0
2022,2,Weather,3472,419874.0,120.93,2586.0,377377.0,29944.0,9943.0,24.0
2022,2,Late Aircraft,31373,2294994.0,73.15,178133.0,12465.0,100413.0,2002262.0,1721.0
2022,2,Security,306,12123.0,39.62,240.0,46.0,801.0,648.0,10388.0
2022,2,Carrier,35651,2533356.0,71.06,2322624.0,2488.0,99717.0,108060.0,467.0
2022,2,NAS,21812,914823.0,41.94,56550.0,12526.0,800369.0,44472.0,906.0
2022,3,NAS,29315,1345619.0,45.9,76477.0,11809.0,1181930.0,74027.0,1376.0
2022,3,Carrier,42640,2930118.0,68.72,2643985.0,2204.0,129298.0,153847.0,784.0
2022,3,Weather,3527,366126.0,103.81,2426.0,324282.0,25090.0,14272.0,56.0
2022,3,Late Aircraft,43893,3243969.0,73.91,266543.0,14957.0,156068.0,2803871.0,2530.0
2022,3,Security,441,18645.0,42.28,202.0,37.0,1467.0,1303.0,15636.0
2022,4,NAS,27090,1274480.0,47.05,75687.0,9067.0,1108907.0,79677.0,1142.0
2022,4,Weather,3438,370775.0,107.85,1962.0,331742.0,20256.0,16815.0,0.0
2022,4,Carrier,43832,3104750.0,70.83,2821231.0,2166.0,123259.0,157645.0,449.0
2022,4,Late Aircraft,46238,3371074.0,72.91,283789.0,17554.0,155751.0,2911792.0,2188.0
2022,4,Security,364,15742.0,43.25,266.0,0.0,1078.0,886.0,13512.0
2022,6,Weather,5013,511385.0,102.01,2924.0,449180.0,31141.0,28104.0,36.0
2022,6,Security,319,13474.0,42.24,186.0,0.0,836.0,727.0,11725.0
2022,6,Carrier,51083,3715098.0,72.73,3392816.0,3206.0,128232.0,190303.0,541.0
2022,6,Late Aircraft,50979,3672736.0,72.04,310842.0,31888.0,156601.0,3171384.0,2021.0
2022,6,NAS,27204,1425468.0,52.4,72976.0,12593.0,1251362.0,87545.0,992.0
2022,7,Late Aircraft,54528,4032941.0,73.96,325138.0,37720.0,169936.0,3497427.0,2720.0
2022,7,Weather,6153,540055.0,87.77,3238.0,470261.0,35815.0,30726.0,15.0
2022,7,NAS,28140,1343204.0,47.73,69815.0,14896.0,1173285.0,84059.0,1149.0
2022,7,Carrier,48849,3594656.0,73.59,3264120.0,4762.0,127571.0,197778.0,425.0
2022,7,Security,451,23365.0,51.81,190.0,9.0,1088.0,1473.0,20605.0
2022,8,Security,451,28097.0,62.3,220.0,22.0,1354.0,803.0,25698.0
2022,8,NAS,27205,1432785.0,52.67,68143.0,13932.0,1270245.0,79289.0,1176.0
2022,8,Late Aircraft,49136,3563244.0,72.52,292679.0,36508.0,144154.0,3087662.0,2241.0
2022,8,Carrier,45231,3252760.0,71.91,2965867.0,3965.0,110567.0,172003.0,358.0
2022,8,Weather,6497,631075.0,97.13,3209.0,560244.0,34256.0,33366.0,0.0
2022,9,Security,226,9315.0,41.22,107.0,0.0,680.0,516.0,8012.0
2022,9,Late Aircraft,32258,2220434.0,68.83,162814.0,14828.0,92673.0,1948839.0,1280.0
2022,9,NAS,21374,883999.0,41.36,44266.0,7999.0,788066.0,43203.0,465.0
2022,9,Weather,3340,272011.0,81.44,1446.0,239493.0,18320.0,12746.0,6.0
2022,9,Carrier,33677,2310685.0,68.61,2130519.0,2805.0,78471.0,98577.0,313.0
2022,10,Weather,2019,217848.0,107.9,1207.0,196790.0,10632.0,9217.0,2.0
2022,10,Carrier,34129,2272698.0,66.59,2091767.0,1185.0,79741.0,99639.0,366.0
2022,10,NAS,21301,878992.0,41.27,42649.0,4308.0,789959.0,41582.0,494.0
2022,10,Late Aircraft,32348,2193711.0,67.82,167148.0,10888.0,85113.0,1929456.0,1106.0
2022,10,Security,260,11229.0,43.19,132.0,0.0,557.0,519.0,10021.0
2022,11,Weather,3085,328028.0,106.33,1838.0,298069.0,19368.0,8753.0,0.0
2022,11,NAS,26540,1037963.0,39.11,57967.0,8024.0,918824.0,52533.0,615.0
2022,11,Security,279,10524.0,37.72,259.0,17.0,783.0,563.0,8902.0
2022,11,Carrier,36225,2508199.0,69.24,2292626.0,2530.0,99548.0,113153.0,342.0
2022,11,Late Aircraft,36149,2535981.0,70.15,191748.0,14663.0,110325.0,2217470.0,1775.0
2022,12,Security,354,15082.0,42.6,169.0,30.0,1213.0,791.0,12879.0
2022,12,Carrier,50554,3838029.0,75.92,3434469.0,5549.0,169684.0,227907.0,420.0
2022,12,NAS,30898,1319919.0,42.72,94398.0,22020.0,1118997.0,83368.0,1136.0
2022,12,Weather,6268,762489.0,121.65,3972.0,688043.0,41891.0,28556.0,27.0
2022,12,Late Aircraft,54333,4469070.0,82.25,406378.0,42363.0,198201.0,3818800.0,3328.0
2023,1,Weather,4401,524533.0,119.18,2543.0,475943.0,31882.0,14165.0,0.0
2023,1,Security,366,16337.0,44.64,208.0,0.0,1252.0,807.0,14070.0
2023,1,Carrier,38485,2821372.0,73.31,2568288.0,3731.0,129053.0,119979.0,321.0
2023,1,Late Aircraft,41061,3177533.0,77.39,212270.0,15518.0,148998.0,2798973.0,1774.0
2023,1,NAS,32400,1565218.0,48.31,77250.0,16474.0,1398484.0,72106.0,904.0
2023,2,Carrier,32420,2367481.0,73.03,2165601.0,3010.0,98886.0,99610.0,374.0
2023,2,Weather,3188,375486.0,117.78,3750.0,340206.0,22962.0,8568.0,0.0
2023,2,NAS,23928,976653.0,40.82,58101.0,12797.0,856191.0,48948.0,616.0
2023,2,Security,233,12918.0,55.44,201.0,8.0,715.0,378.0,11616.0
2023,2,Late Aircraft,33200,2413553.0,72.7,164617.0,11503.0,104794.0,2131068.0,1571.0
2023,3,Weather,3862,423880.0,109.76,2094.0,376896.0,25658.0,19221.0,11.0
2023,3,Carrier,42421,2997234.0,70.65,2702251.0,3441.0,137111.0,153949.0,482.0
2023,3,NAS,37430,1672526.0,44.68,89389.0,11968.0,1481002.0,88811.0,1356.0
2023,3,Security,394,16953.0,43.03,217.0,8.0,1362.0,1056.0,14310.0
2023,3,Late Aircraft,51937,3660410.0,70.48,257359.0,21426.0,176952.0,3202394.0,2279.0
2023,4,Carrier,40409,2955544.0,73.14,2661779.0,1289.0,123908.0,168170.0,398.0
2023,4,Weather,4115,459838.0,111.75,2202.0,407003.0,29870.0,20763.0,0.0
2023,4,NAS,31031,1583843.0,51.04,80553.0,12885.0,1399350.0,89383.0,1672.0
2023,4,Security,368,16469.0,44.75,305.0,0.0,1572.0,1168.0,13424.0
2023,4,Late Aircraft,49959,3677776.0,73.62,274022.0,26053.0,176352.0,3198825.0,2524.0
2023,5,Late Aircraft,40540,2893861.0,71.38,223453.0,17325.0,112159.0,2538812.0,2112.0
2023,5,NAS,23447,985184.0,42.02,54478.0,7891.0,868557.0,53380.0,878.0
2023,5,Security,327,15026.0,45.95,322.0,11.0,968.0,526.0,13199.0
2023,5,Weather,3209,304960.0,95.03,1375.0,267989.0,19558.0,16038.0,0.0
2023,5,Carrier,36596,2562744.0,70.03,2332641.0,1479.0,88826.0,139325.0,473.0
2023,6,NAS,34927,1858321.0,53.21,94942.0,22032.0,1616342.0,123229.0,1776.0
2023,6,Late Aircraft,62375,5011254.0,80.34,392924.0,50227.0,225635.0,4338884.0,3584.0
2023,6,Security,458,19822.0,43.28,454.0,36.0,1584.0,1223.0,16525.0
2023,6,Weather,6271,643161.0,102.56,3710.0,553007.0,43455.0,42970.0,19.0
2023,6,Carrier,48237,3928390.0,81.44,3518289.0,5237.0,158249.0,246251.0,364.0
2023,7,NAS,36454,2131606.0,58.47,104165.0,23065.0,1862667.0,140085.0,1624.0
2023,7,Security,357,15655.0,43.85,283.0,59.0,1383.0,1142.0,12788.0
2023,7,Late Aircraft,70761,5901949.0,83.41,466763.0,57253.0,255496.0,5119083.0,3354.0
2023,7,Weather,7636,782004.0,102.41,5126.0,669429.0,56171.0,51278.0,0.0
2023,7,Carrier,51872,4300492.0,82.91,3839168.0,7246.0,164723.0,288817.0,538.0
2023,8,Security,446,19243.0,43.15,394.0,30.0,1448.0,1216.0,16155.0
2023,8,Late Aircraft,53251,4166611.0,78.24,295992.0,30498.0,155349.0,3681545.0,3227.0
2023,8,NAS,27301,1331641.0,48.78,66917.0,14122.0,1172085.0,77032.0,1485.0
2023,8,Carrier,42447,3389139.0,79.84,3084936.0,5921.0,115641.0,182284.0,357.0
2023,8,Weather,4994,493570.0,98.83,4692.0,429345.0,33063.0,26379.0,91.0
2023,9,Late Aircraft,39202,2925859.0,74.64,194517.0,21034.0,122563.0,2586039.0,1706.0
2023,9,NAS,26722,1354646.0,50.69,54756.0,12691.0,1214937.0,71643.0,619.0
2023,9,Security,320,13029.0,40.72,208.0,0.0,795.0,567.0,11459.0
2023,9,Carrier,34781,2661290.0,76.52,2426283.0,2085.0,99660.0,132644.0,618.0
2023,9,Weather,3674,392548.0,106.84,1936.0,340922.0,26405.0,23275.0,10.0
2023,10,Late Aircraft,36772,2426414.0,65.99,164672.0,9642.0,87121.0,2163529.0,1450.0
2023,10,NAS,20421,729964.0,35.75,42556.0,4620.0,644548.0,37529.0,711.0
2023,10,Security,324,12445.0,38.41,175.0,29.0,812.0,561.0,10868.0
2023,10,Weather,2023,210710.0,104.16,846.0,193682.0,9428.0,6723.0,31.0
2023,10,Carrier,33444,2317922.0,69.31,2142471.0,1094.0,76943.0,96927.0,487.0
2023,11,NAS,19692,654695.0,33.25,44094.0,4142.0,576550.0,28836.0,1073.0
2023,11,Security,320,11502.0,35.94,202.0,0.0,975.0,602.0,9723.0
2023,11,Late Aircraft,27856,1792573.0,64.35,125323.0,4690.0,71186.0,1589351.0,2023.0
2023,11,Weather,1573,173248.0,110.14,438.0,160467.0,8629.0,3714.0,0.0
2023,11,Carrier,26906,1900253.0,70.63,1754354.0,585.0,76015.0,68529.0,770.0
2023,12,NAS,23861,904929.0,37.93,48788.0,4434.0,812247.0,38145.0,1315.0
2023,12,Late Aircraft,33363,2317027.0,69.45,164828.0,7998.0,86764.0,2054469.0,2968.0
2023,12,Weather,2321,355223.0,153.05,1038.0,337838.0,10921.0,5426.0,0.0
2023,12,Security,392,17182.0,43.83,359.0,20.0,1284.0,1213.0,14306.0
2023,12,Carrier,29216,2056475.0,70.39,1880206.0,1007.0,82532.0,92441.0,289.0
2024,1,NAS,32455,1474274.0,45.43,84492.0,33999.0,1269624.0,84727.0,1432.0
2024,1,Carrier,37803,3091313.0,81.77,2780659.0,4702.0,151728.0,153732.0,492.0
2024,1,Weather,7018,1012428.0,144.26,4152.0,887177.0,81000.0,40076.0,23.0
2024,1,Late Aircraft,48679,3939902.0,80.94,241779.0,53465.0,205862.0,3435452.0,3344.0
2024,1,Security,455,20747.0,45.6,330.0,17.0,1480.0,1595.0,17325.0
2024,2,Security,274,13014.0,47.5,232.0,0.0,1017.0,640.0,11125.0
2024,2,Weather,2425,289853.0,119.53,892.0,259735.0,22244.0,6982.0,0.0
2024,2,Late Aircraft,28294,2042194.0,72.18,126738.0,9832.0,92482.0,1811487.0,1655.0
2024,2,NAS,24886,1040526.0,41.81,49608.0,9818.0,936863.0,43177.0,1060.0
2024,2,Carrier,26157,1871709.0,71.56,1708106.0,961.0,85755.0,76624.0,263.0
2024,3,Late Aircraft,49145,3775840.0,76.83,246317.0,24312.0,174541.0,3327564.0,3106.0
2024,3,Carrier,34936,2685130.0,76.86,2420275.0,1594.0,114848.0,148060.0,353.0
2024,3,Weather,3316,367405.0,110.8,1605.0,318689.0,27066.0,19964.0,81.0
2024,3,NAS,34286,1673855.0,48.82,67037.0,13366.0,1505602.0,86522.0,1328.0
2024,3,Security,349,15397.0,44.12,142.0,0.0,1230.0,1183.0,12842.0
2024,4,Weather,3488,400601.0,114.85,1354.0,346874.0,29970.0,22388.0,15.0
2024,4,Carrier,33679,2500136.0,74.23,2283583.0,1893.0,101173.0,112981.0,506.0
2024,4,NAS,29141,1383505.0,47.48,58406.0,11676.0,1241977.0,70526.0,920.0
2024,4,Security,325,13765.0,42.35,191.0,0.0,733.0,856.0,11985.0
2024,4,Late Aircraft,43315,3260442.0,75.27,193983.0,27793.0,141244.0,2895324.0,2098.0
2024,5,Late Aircraft,65666,5523562.0,84.12,366587.0,73291.0,274743.0,4806011.0,2930.0
2024,5,Carrier,43943,3526340.0,80.25,3151255.0,4554.0,157588.0,212404.0,539.0
2024,5,Security,322,14670.0,45.56,421.0,25.0,1013.0,1043.0,12168.0
2024,5,Weather,7279,878497.0,120.69,2673.0,748087.0,68508.0,59106.0,123.0
2024,5,NAS,41066,2179010.0,53.06,95838.0,23754.0,1930038.0,128299.0,1081.0
2024,6,Security,394,15804.0,40.11,258.0,14.0,1065.0,1295.0,13172.0
2024,6,Late Aircraft,62860,4846253.0,77.1,354916.0,47320.0,213536.0,4226736.0,3745.0
2024,6,Weather,6081,683778.0,112.44,5179.0,596276.0,44200.0,37975.0,148.0
2024,6,NAS,33756,1763747.0,52.25,83166.0,18394.0,1556127.0,104359.0,1701.0
2024,6,Carrier,46854,3704362.0,79.06,3348183.0,3951.0,147936.0,203774.0,518.0
2024,7,Weather,6999,680589.0,97.24,3724.0,575453.0,49518.0,51674.0,220.0
2024,7,Security,412,17915.0,43.48,499.0,0.0,1283.0,1941.0,14192.0
2024,7,NAS,38903,2069788.0,53.2,109310.0,22037.0,1785475.0,151520.0,1446.0
2024,7,Late Aircraft,78223,6627287.0,84.72,507184.0,65055.0,306061.0,5744696.0,4291.0
2024,7,Carrier,57326,5256342.0,91.69,4738425.0,7297.0,208156.0,301844.0,620.0
2024,8,NAS,36585,1989138.0,54.37,93747.0,17851.0,1753281.0,123091.0,1168.0
2024,8,Carrier,43013,3529821.0,82.06,3187956.0,3731.0,151244.0,186532.0,358.0
2024,8,Security,302,12591.0,41.69,136.0,0.0,972.0,963.0,10520.0
2024,8,Late Aircraft,56009,4426803.0,79.04,300632.0,43360.0,214796.0,3865387.0,2628.0
2024,8,Weather,5903,651011.0,110.28,3264.0,563002.0,42945.0,41796.0,4.0
2024,9,Security,171,7047.0,41.21,172.0,0.0,546.0,337.0,5992.0
2024,9,NAS,24178,903932.0,37.39,43072.0,6784.0,808384.0,45058.0,634.0
2024,9,Late Aircraft,32989,2228004.0,67.54,129610.0,14315.0,96454.0,1987051.0,574.0
2024,9,Carrier,29383,2115223.0,71.99,1955136.0,1443.0,81635.0,76761.0,248.0
2024,9,Weather,2957,266726.0,90.2,1190.0,241468.0,15832.0,8236.0,0.0
2024,10,Weather,1456,175473.0,120.52,840.0,160948.0,6750.0,6935.0,0.0
2024,10,Security,199,8425.0,42.34,229.0,0.0,443.0,286.0,7467.0
2024,10,Carrier,29755,2073973.0,69.7,1939615.0,289.0,69603.0,64330.0,136.0
2024,10,Late Aircraft,29309,1919965.0,65.51,116845.0,2256.0,72176.0,1727734.0,954.0
2024,10,NAS,19624,720350.0,36.71,36208.0,2031.0,648546.0,33168.0,397.0
2024,11,Weather,2504,301923.0,120.58,544.0,266124.0,25286.0,9969.0,0.0
2024,11,NAS,24254,1053793.0,43.45,47005.0,10354.0,948821.0,47176.0,437.0
2024,11,Security,176,7567.0,42.99,71.0,38.0,433.0,281.0,6744.0
2024,11,Late Aircraft,28797,1982182.0,68.83,119074.0,10482.0,94494.0,1757340.0,792.0
2024,11,Carrier,28169,1930727.0,68.54,1780726.0,551.0,83970.0,65174.0,306.0
2025,1,NAS,27683,1226842.0,44.32,65388.0,22275.0,1078444.0,59966.0,769.0
2025,1,Weather,4825,652590.0,135.25,3514.0,577928.0,51883.0,19265.0,0.0
2025,1,Carrier,32449,2490605.0,76.75,2272902.0,3043.0,121347.0,93161.0,152.0
2025,1,Late Aircraft,32932,2564519.0,77.87,169008.0,26711.0,129260.0,2237892.0,1648.0
2025,1,Security,241,9438.0,39.16,74.0,15.0,893.0,475.0,7981.0
2025,2,Late Aircraft,36623,2903965.0,79.29,172822.0,17689.0,164122.0,2548188.0,1144.0
2025,2,Weather,4299,506890.0,117.91,3171.0,443003.0,46588.0,14128.0,0.0
2025,2,Security,177,7957.0,44.95,95.0,0.0,579.0,481.0,6802.0
2025,2,NAS,30983,1500301.0,48.42,65688.0,23046.0,1333892.0,77125.0,550.0
2025,2,Carrier,31020,2491898.0,80.33,2271958.0,2461.0,121652.0,95589.0,238.0
2025,3,NAS,32315,1677485.0,51.91,65583.0,14871.0,1496851.0,99748.0,432.0
2025,3,Weather,4185,512162.0,122.38,2680.0,452003.0,36477.0,21002.0,0.0
2025,3,Carrier,35154,2721946.0,77.43,2478613.0,2266.0,117879.0,122996.0,192.0
2025,3,Late Aircraft,44182,3457170.0,78.25,214610.0,23053.0,181150.0,3036762.0,1595.0
2025,3,Security,198,9605.0,48.51,132.0,0.0,447.0,572.0,8454.0
2025,4,Weather,4340,449286.0,103.52,1840.0,389076.0,40108.0,18183.0,79.0
2025,4,NAS,31925,1577154.0,49.4,61921.0,15110.0,1418938.0,80572.0,613.0
2025,4,Security,218,14336.0,65.76,90.0,0.0,777.0,582.0,12887.0
2025,4,Carrier,33987,2536719.0,74.64,2309113.0,2012.0,112820.0,112563.0,211.0
2025,4,Late Aircraft,43134,3263874.0,75.67,190617.0,27525.0,170874.0,2873857.0,1001.0
2025,5,NAS,43239,2466600.0,57.05,85104.0,21219.0,2225115.0,134321.0,841.0
2025,5,Late Aircraft,52121,4072949.0,78.14,253049.0,49690.0,225434.0,3543473.0,1303.0
2025,5,Carrier,38673,2936703.0,75.94,2649444.0,4280.0,141756.0,140862.0,361.0
2025,5,Weather,6823,733559.0,107.51,2889.0,633564.0,54561.0,42545.0,0.0
2025,5,Security,182,10055.0,55.25,78.0,0.0,766.0,390.0,8821.0
2025,6,Late Aircraft,68725,5551612.0,80.78,363629.0,69200.0,291658.0,4825866.0,1259.0
2025,6,NAS,42886,2463147.0,57.43,105430.0,27683.0,2167073.0,161793.0,1168.0
2025,6,Carrier,49325,4027690.0,81.66,3621783.0,5752.0,183324.0,216465.0,366.0
2025,6,Weather,8148,918212.0,112.69,4442.0,790416.0,63769.0,59585.0,0.0
2025,6,Security,321,19847.0,61.83,307.0,0.0,1185.0,867.0,17488.0
2025,7,Weather,9009,1097766.0,121.85,7389.0,954973.0,70196.0,65208.0,0.0
2025,7,NAS,43722,2746792.0,62.82,107310.0,28380.0,2439925.0,170519.0,658.0
2025,7,Security,278,13551.0,48.74,103.0,28.0,754.0,739.0,11927.0
2025,7,Late Aircraft,72441,6192851.0,85.49,433064.0,66659.0,295837.0,5395008.0,2283.0
2025,7,Carrier,51562,4365657.0,84.67,3930034.0,7489.0,178526.0,249206.0,402.0
2025,8,Security,248,12700.0,51.21,135.0,0.0,795.0,950.0,10820.0
2025,8,NAS,33052,1724726.0,52.18,71578.0,15947.0,1544232.0,92384.0,585.0
2025,8,Late Aircraft,53052,4199904.0,79.17,281003.0,44355.0,175599.0,3696842.0,2105.0
2025,8,Weather,6602,705518.0,106.86,3679.0,621598.0,44316.0,35890.0,35.0
2025,8,Carrier,40966,3175730.0,77.52,2897964.0,4152.0,122421.0,150805.0,388.0
2025,9,Weather,3542,355711.0,100.43,1677.0,315907.0,24986.0,13101.0,40.0
2025,9,Carrier,29291,2104965.0,71.86,1934443.0,2730.0,77775.0,89842.0,175.0
2025,9,Security,193,8811.0,45.65,134.0,0.0,514.0,347.0,7816.0
2025,9,NAS,26666,1317804.0,49.42,45769.0,9255.0,1202860.0,59630.0,290.0
2025,9,Late Aircraft,33166,2437185.0,73.48,153266.0,17945.0,100420.0,2164856.0,698.0
2025,10,Late Aircraft,47008,3294188.0,70.08,223382.0,15701.0,170790.0,2883273.0,1042.0
2025,10,Carrier,36451,2604707.0,71.46,2372398.0,1069.0,113000.0,117873.0,367.0
2025,10,Security,200,8776.0,43.88,84.0,0.0,695.0,540.0,7457.0
2025,10,NAS,35962,1663077.0,46.25,65112.0,6331.0,1492888.0,98305.0,441.0
2025,10,Weather,2628,270550.0,102.95,2130.0,236814.0,18004.0,13602.0,0.0
2025,11,Weather,3168,393676.0,124.27,1289.0,345664.0,32500.0,14216.0,7.0
2025,11,Late Aircraft,42955,3414671.0,79.49,224030.0,24371.0,211877.0,2953207.0,1186.0
2025,11,Carrier,32684,2478283.0,75.83,2243213.0,1527.0,115671.0,117737.0,135.0
2025,11,Security,206,11084.0,53.81,151.0,0.0,719.0,724.0,9490.0
2025,11,NAS,35146,2073371.0,58.99,63080.0,13337.0,1874140.0,122458.0,356.0
2025,12,NAS,37593,1919713.0,51.07,95641.0,28255.0,1684755.0,110161.0,901.0
2025,12,Carrier,46617,3728866.0,79.99,3369354.0,2555.0,181055.0,175579.0,323.0
2025,12,Late Aircraft,62986,5068798.0,80.47,359215.0,39969.0,264347.0,4403241.0,2026.0
2025,12,Weather,5585,752893.0,134.81,3614.0,659782.0,63068.0,26423.0,6.0
2025,12,Security,332,17185.0,51.76,162.0,30.0,1474.0,1031.0,14488.0
2026,1,Security,193,10717.0,55.53,116.0,52.0,582.0,562.0,9405.0
2026,1,Late Aircraft,37802,3013097.0,79.71,196370.0,37079.0,143089.0,2635211.0,1348.0
2026,1,Weather,5783,802413.0,138.75,2460.0,710192.0,63724.0,26017.0,20.0
2026,1,Carrier,36047,3012454.0,83.57,2764657.0,3925.0,131726.0,112005.0,141.0
2026,1,NAS,27650,1288711.0,46.61,67575.0,25660.0,1126687.0,68224.0,565.0
